{
    "$schema": "https://schema.management.azure.com/schemas/2015-01-01/deploymentParameters.json#",
    "contentVersion": "1.0.0.0",
    "parameters": {
      "appId": {
        "value": "56daf0b6-8981-4c25-aa7e-886d8529322a"
      },
      "appSecret": {
        "value": "EaindraePyoneNaing123@@@"
      },
        "botId": {
            "value": ""
        },
        "botSku": {
            "value": ""
        },
        "newAppServicePlanName": {
            "value": ""
        },
        "newAppServicePlanSku": {
            "value": {
                "name": "S1",
                "tier": "Standard",
                "size": "S1",
                "family": "S",
                "capacity": 1
            }
        },
        "appServicePlanLocation": {
            "value": ""
        },
        "existingAppServicePlan": {
            "value": ""
        },
        "newWebAppName": {
            "value": ""
        }
    }
}